{"number_of_epochs": 100, "train_loss_epoch": [0.1582133686730559, 0.05703826947583627, 0.04609584317780858, 0.04062269934772854, 0.03748391642809811, 0.03573630826366828, 0.03315073795675232, 0.03196635269642732, 0.030720177493230142, 0.029946564773808547, 0.02921008169663772, 0.028395353252050327, 0.028143609979377215, 0.02727373588126963, 0.026832757508777155, 0.026216560765774728, 0.025817109771625796, 0.025225242916443645, 0.024811204698665525, 0.024348340484551912, 0.024176911892377032, 0.023968305646743824, 0.023869249317412827, 0.02385532309870693, 0.023724691590062366, 0.02393463124309586, 0.02424560480517948, 0.023974302277050493, 0.02376701398313086, 0.023632851059175262, 0.024146951105962884, 0.024040035461999284, 0.023654371071938126, 0.023396977323786483, 0.023576682782572696, 0.023409647423080927, 0.023436400798887074, 0.023017824063059734, 0.022697043759307523, 0.022762801976257834, 0.02277168792273681, 0.022565272720161157, 0.022312119673866215, 0.022493120794096596, 0.022138213319640235, 0.022216042250817802, 0.02177921332362861, 0.021659651779150527, 0.021523070187535947, 0.021165498374055475, 0.021422187050182766, 0.02079749944181565, 0.0207493165976122, 0.020579203694775988, 0.020277364551511412, 0.020096049149725816, 0.02010043424225467, 0.01958735690868769, 0.019601271904701758, 0.019175211469631352, 0.018992065822466108, 0.01893901337663071, 0.018561112705590115, 0.01846919301037311, 0.01808575226380025, 0.017945801210494154, 0.017524425392950058, 0.01740265824474017, 0.017064697213315504, 0.016924241205445514, 0.016914040774231837, 0.016658857453323992, 0.0165365784503545, 0.016334470637937658, 0.016227933790002185, 0.01763583378479007, 0.01641477743308945, 0.01647635832430206, 0.01698393953955196, 0.022374319052132594, 0.12111214451904621, 0.0876323202326792, 0.03754190354392687, 0.03932216302931268, 0.05113431039902034, 0.08119386451881985, 0.33841913948459845, 0.4717584847792392, 0.1396060372039003, 0.4277036814770767, 0.18090180712771156, 0.04574438346430109, 0.04238727709046589, 0.04024040695055606, 0.04430437458758071, 0.04296726851422141, 0.04221438992992757, 0.05656320942252385, 0.0636371571899337, 0.045176624045255], "val_loss_epoch": [0.06723256453709758, 0.04928339363845146, 0.041927963960915804, 0.038774797551171934, 0.035805817410025906, 0.0338084519152408, 0.033074494623376624, 0.03138489578850567, 0.029759224747186123, 0.03163420298622678, 0.029510129192520097, 0.028962118348673634, 0.0286357874840336, 0.027429027452498027, 0.026777234859764576, 0.028405330710760925, 0.026911611850980833, 0.026012034064320767, 0.025881589724398826, 0.025693004596573504, 0.02545928292016944, 0.024627685020475285, 0.02448758701591388, 0.02602803694975117, 0.025643594552884282, 0.02473208944961105, 0.02632589652405485, 0.025111903517466526, 0.02447131116186147, 0.023988021699630695, 0.025194099041349862, 0.026082174720890496, 0.02418814049831227, 0.024900352258397186, 0.02431972061648317, 0.02601918515384845, 0.023838384076952934, 0.02420262184560947, 0.02397200241482452, 0.023825741130048813, 0.025041385725869433, 0.02466613138297006, 0.02458708808230965, 0.02409848089977775, 0.02386372024193406, 0.02414026931333153, 0.02392148045296578, 0.024214839269204633, 0.023721371048494526, 0.024401519690518795, 0.024727586677054995, 0.024277388836945527, 0.024703270178693143, 0.02429709928717626, 0.024017531606976106, 0.024770761171922735, 0.023690562826864745, 0.023946896023319467, 0.02464143695998127, 0.02419978946082942, 0.024401841685175896, 0.024102803420923326, 0.02448217960519959, 0.02449230695872203, 0.024371876836875857, 0.02423773724180849, 0.024710195007450555, 0.02450897908040687, 0.024962864259419883, 0.024960373771255432, 0.024998684950253886, 0.025398972626451567, 0.025916420429459085, 0.02638693451476486, 0.027059381331681558, 0.02734154413211281, 0.029335996439761442, 0.03418090271399073, 0.040967026583688414, 0.09049344066854405, 7.914407667906388, 0.7946990909783737, 0.6949014307364173, 1.9603357962940051, 2.2119020340235336, 1.4220954296381578, 17.50818625740383, 11.982146677763566, 4.223741515823033, 15.453645882399186, 2.0992716097313426, 1.39585027228231, 1.1019631591827974, 1.4128742749276368, 1.631588365720666, 1.4844879145207612, 2.103136509656906, 2.7022337123103766, 2.0522964272810067, 1.8058654976927715], "tf_ratios": [1.0, 1.0, 1.0, 1.0, 1.0, 1.0, 1.0, 1.0, 1.0, 1.0, 1.0, 1.0, 1.0, 1.0, 1.0, 1.0, 1.0, 1.0, 1.0, 1.0, 1.0, 0.9833333333333333, 0.9666666666666667, 0.95, 0.9333333333333333, 0.9166666666666666, 0.9, 0.8833333333333333, 0.8666666666666667, 0.85, 0.8333333333333334, 0.8166666666666667, 0.8, 0.7833333333333333, 0.7666666666666666, 0.75, 0.7333333333333334, 0.7166666666666667, 0.7, 0.6833333333333333, 0.6666666666666667, 0.65, 0.6333333333333333, 0.6166666666666667, 0.6, 0.5833333333333333, 0.5666666666666667, 0.55, 0.5333333333333333, 0.5166666666666666, 0.5, 0.4833333333333333, 0.4666666666666667, 0.44999999999999996, 0.43333333333333335, 0.41666666666666663, 0.4, 0.3833333333333333, 0.3666666666666667, 0.35, 0.33333333333333337, 0.31666666666666665, 0.30000000000000004, 0.2833333333333333, 0.2666666666666667, 0.25, 0.23333333333333328, 0.21666666666666667, 0.19999999999999996, 0.18333333333333335, 0.16666666666666663, 0.15000000000000002, 0.1333333333333333, 0.1166666666666667, 0.09999999999999998, 0.08333333333333337, 0.06666666666666665, 0.050000000000000044, 0.033333333333333326, 0.01666666666666672, 0.0, 0.0, 0.0, 0.0, 0.0, 0.0, 0.0, 0.0, 0.0, 0.0, 0.0, 0.0, 0.0, 0.0, 0.0, 0.0, 0.0, 0.0, 0.0, 0.0]}